{
  "date": "2025-12-21",
  "type": "daily",
  "title": "Achados do dia 21/12",
  "kicker": "Curadoria diária",
  "intro": "Os achados com melhor custo-benefício do dia, sem ruído.",
  "items": [
    {
      "id": "sample-casa-e-cozinha-1",
      "name": "Achado 1 em Casa-E-Cozinha",
      "category": "casa-e-cozinha",
      "vendor": "Mercado Livre",
      "price": 407.35,
      "oldPrice": 665.24,
      "image": "https://picsum.photos/seed/casa-e-cozinha-1/800/500",
      "affiliateUrl": "https://example.com",
      "score": 81
    },
    {
      "id": "sample-games-2",
      "name": "Achado 2 em Games",
      "category": "games",
      "vendor": "Amazon",
      "price": 402.15,
      "oldPrice": 895.86,
      "image": "https://picsum.photos/seed/games-2/800/500",
      "affiliateUrl": "https://example.com",
      "score": 87
    },
    {
      "id": "sample-casa-e-cozinha-3",
      "name": "Achado 3 em Casa-E-Cozinha",
      "category": "casa-e-cozinha",
      "vendor": "Kabum",
      "price": 779.24,
      "oldPrice": 759.56,
      "image": "https://picsum.photos/seed/casa-e-cozinha-3/800/500",
      "affiliateUrl": "https://example.com",
      "score": 87
    },
    {
      "id": "sample-eletronicos-4",
      "name": "Achado 4 em Eletronicos",
      "category": "eletronicos",
      "vendor": "Amazon",
      "price": 744.02,
      "oldPrice": 817.85,
      "image": "https://picsum.photos/seed/eletronicos-4/800/500",
      "affiliateUrl": "https://example.com",
      "score": 81
    },
    {
      "id": "sample-casa-e-cozinha-5",
      "name": "Achado 5 em Casa-E-Cozinha",
      "category": "casa-e-cozinha",
      "vendor": "Magalu",
      "price": 784.3,
      "oldPrice": 216.07,
      "image": "https://picsum.photos/seed/casa-e-cozinha-5/800/500",
      "affiliateUrl": "https://example.com",
      "score": 70
    },
    {
      "id": "sample-moda-6",
      "name": "Achado 6 em Moda",
      "category": "moda",
      "vendor": "Magalu",
      "price": 312.68,
      "oldPrice": 147.6,
      "image": "https://picsum.photos/seed/moda-6/800/500",
      "affiliateUrl": "https://example.com",
      "score": 75
    },
    {
      "id": "sample-eletronicos-7",
      "name": "Achado 7 em Eletronicos",
      "category": "eletronicos",
      "vendor": "Amazon",
      "price": 632.55,
      "oldPrice": 1118.2,
      "image": "https://picsum.photos/seed/eletronicos-7/800/500",
      "affiliateUrl": "https://example.com",
      "score": 86
    },
    {
      "id": "sample-moda-8",
      "name": "Achado 8 em Moda",
      "category": "moda",
      "vendor": "Kabum",
      "price": 899.09,
      "oldPrice": 326.26,
      "image": "https://picsum.photos/seed/moda-8/800/500",
      "affiliateUrl": "https://example.com",
      "score": 89
    }
  ]
}