{
  "date": "2025-12-20",
  "type": "daily",
  "title": "Achados do dia 20/12",
  "kicker": "Curadoria diária",
  "intro": "Os achados com melhor custo-benefício do dia, sem ruído.",
  "items": [
    {
      "id": "sample-games-1",
      "name": "Achado 1 em Games",
      "category": "games",
      "vendor": "Magalu",
      "price": 485.78,
      "oldPrice": 412.62,
      "image": "https://picsum.photos/seed/games-1/800/500",
      "affiliateUrl": "https://example.com",
      "score": 93
    },
    {
      "id": "sample-moda-2",
      "name": "Achado 2 em Moda",
      "category": "moda",
      "vendor": "Kabum",
      "price": 374.35,
      "oldPrice": 615.43,
      "image": "https://picsum.photos/seed/moda-2/800/500",
      "affiliateUrl": "https://example.com",
      "score": 70
    },
    {
      "id": "sample-moda-3",
      "name": "Achado 3 em Moda",
      "category": "moda",
      "vendor": "Kabum",
      "price": 435.56,
      "oldPrice": 1237.82,
      "image": "https://picsum.photos/seed/moda-3/800/500",
      "affiliateUrl": "https://example.com",
      "score": 76
    },
    {
      "id": "sample-casa-e-cozinha-4",
      "name": "Achado 4 em Casa-E-Cozinha",
      "category": "casa-e-cozinha",
      "vendor": "Amazon",
      "price": 446.98,
      "oldPrice": 1265.12,
      "image": "https://picsum.photos/seed/casa-e-cozinha-4/800/500",
      "affiliateUrl": "https://example.com",
      "score": 80
    },
    {
      "id": "sample-casa-e-cozinha-5",
      "name": "Achado 5 em Casa-E-Cozinha",
      "category": "casa-e-cozinha",
      "vendor": "Kabum",
      "price": 525.79,
      "oldPrice": 1082.9,
      "image": "https://picsum.photos/seed/casa-e-cozinha-5/800/500",
      "affiliateUrl": "https://example.com",
      "score": 84
    },
    {
      "id": "sample-eletronicos-6",
      "name": "Achado 6 em Eletronicos",
      "category": "eletronicos",
      "vendor": "Amazon",
      "price": 348.41,
      "oldPrice": 425.11,
      "image": "https://picsum.photos/seed/eletronicos-6/800/500",
      "affiliateUrl": "https://example.com",
      "score": 92
    },
    {
      "id": "sample-casa-e-cozinha-7",
      "name": "Achado 7 em Casa-E-Cozinha",
      "category": "casa-e-cozinha",
      "vendor": "Magalu",
      "price": 127.87,
      "oldPrice": 262.9,
      "image": "https://picsum.photos/seed/casa-e-cozinha-7/800/500",
      "affiliateUrl": "https://example.com",
      "score": 79
    },
    {
      "id": "sample-eletronicos-8",
      "name": "Achado 8 em Eletronicos",
      "category": "eletronicos",
      "vendor": "Mercado Livre",
      "price": 393.91,
      "oldPrice": 813.41,
      "image": "https://picsum.photos/seed/eletronicos-8/800/500",
      "affiliateUrl": "https://example.com",
      "score": 91
    }
  ]
}